<?xml version="1.0" encoding="UTF-8"?>
<!DOCTYPE mapper PUBLIC "-//mybatis.org//DTD Mapper 3.0//EN" "http://mybatis.org/dtd/mybatis-3-mapper.dtd">
<mapper namespace="com.yougu.mall.mapper.backstageMapper">
    <resultMap id="BaseResultMap" type="com.yougu.mall.entity.User">
        <!--@mbg.generated-->
        <id column="id" jdbcType="INTEGER" property="id" />
        <result column="username" jdbcType="VARCHAR" property="username" />
        <result column="phone" jdbcType="VARCHAR" property="phone" />
        <result column="email" jdbcType="VARCHAR" property="email" />
        <result column="register_time" jdbcType="TIMESTAMP" property="registerTime" />
        <result column="update_time" jdbcType="TIMESTAMP" property="updateTime" />
        <result column="login_times" jdbcType="VARCHAR" property="loginTimes" />
        <association property="shipping" javaType="com.yougu.mall.entity.Shipping">
            <result column="receiver_province" property="receiverProvince"/>
            <result column="receiver_city" property="receiverCity"/>
            <result column="receiver_district" property="receiverDistrict"/>
            <result column="receiver_address" property="receiverAddress"/>
        </association>
    </resultMap>
    <select id="queryByAll" resultMap="BaseResultMap">
    SELECT p.id,p.username,p.phone,p.email,s.receiver_province,s.receiver_city,s.receiver_district,s.receiver_address,p.register_time,p.update_time,p.login_times FROM `user` p INNER JOIN shipping s ON p.id=s.user_id
    </select>

    <delete id="del">
    delete from `user` where id=#{id}
    </delete>
</mapper>
