<?xml version="1.0" encoding="UTF-8"?>
<!DOCTYPE mapper PUBLIC "-//mybatis.org//DTD Mapper 3.0//EN" "http://mybatis.org/dtd/mybatis-3-mapper.dtd">
<mapper namespace="com.yougu.mall.mapper.backstageOrderitemMapper">
    <resultMap id="BaseResultMap" type="com.yougu.mall.entity.Orderitem">
        <!--@mbg.generated-->
        <id column="id" jdbcType="INTEGER" property="id" />
        <result column="user_id" jdbcType="INTEGER" property="userId" />
        <result column="order_id" jdbcType="INTEGER" property="orderId" />
        <result column="product_id" jdbcType="INTEGER" property="productId" />
        <result column="quantity" jdbcType="INTEGER" property="quantity" />
        <result column="total_price" jdbcType="DECIMAL" property="totalPrice" />
        <result column="current_price" jdbcType="DECIMAL" property="currentPrice" />
        <result column="cteate_time" jdbcType="TIMESTAMP" property="cteateTime" />
        <result column="update_time" jdbcType="TIMESTAMP" property="updateTime" />
        <association property="orders" javaType="com.yougu.mall.entity.Order">
            <id column="id" jdbcType="INTEGER" property="id" />
            <result column="order_no" jdbcType="BIGINT" property="orderNo" />
            <result column="user_id" jdbcType="INTEGER" property="userId" />
            <result column="shipping_id" jdbcType="INTEGER" property="shippingId" />
            <result column="payment" jdbcType="DECIMAL" property="payment" />
            <result column="payment_type" jdbcType="INTEGER" property="paymentType" />
            <result column="postage" jdbcType="DECIMAL" property="postage" />
            <result column="status" jdbcType="INTEGER" property="status" />
            <result column="payment_time" jdbcType="TIMESTAMP" property="paymentTime" />
            <result column="create_time" jdbcType="TIMESTAMP" property="createTime" />
            <result column="send_time" jdbcType="TIMESTAMP" property="sendTime" />
            <result column="receive_time" jdbcType="TIMESTAMP" property="receiveTime" />
            <result column="update_time" jdbcType="TIMESTAMP" property="updateTime" />
            <result column="close_time" jdbcType="TIMESTAMP" property="closeTime" />
            <result column="end_time" jdbcType="TIMESTAMP" property="endTime" />
            <association property="shippings" javaType="com.yougu.mall.entity.Shipping" >
                <id column="id" jdbcType="INTEGER" property="id" />
                <result column="user_id" jdbcType="INTEGER" property="userId" />
                <result column="receiver_name" jdbcType="VARCHAR" property="receiverName" />
                <result column="receiver_phone" jdbcType="VARCHAR" property="receiverPhone" />
                <result column="receiver_province" jdbcType="VARCHAR" property="receiverProvince" />
                <result column="receiver_city" jdbcType="VARCHAR" property="receiverCity" />
                <result column="receiver_district" jdbcType="VARCHAR" property="receiverDistrict" />
                <result column="receiver_address" jdbcType="VARCHAR" property="receiverAddress" />
                <result column="receiver_zip" jdbcType="VARCHAR" property="receiverZip" />
                <result column="status" jdbcType="INTEGER" property="status" />
                <result column="create_time" jdbcType="TIMESTAMP" property="createTime" />
                <result column="update_time" jdbcType="TIMESTAMP" property="updateTime" />
                <result column="delete_time" jdbcType="TIMESTAMP" property="deleteTime" />
            </association>
        </association>
    </resultMap>
<select id="queryByAll" resultMap="BaseResultMap">
    SELECT o.order_no,oi.user_id,oi.product_id,oi.cteate_time,o.payment_type,o.payment,o.payment_time,o.send_time,o.update_time,o.close_time,o.end_time,o.`status`,s.receiver_province,s.receiver_city,s.receiver_address from orderitem oi,`order`o,shipping s where oi.order_id=o.id and o.shipping_id=s.id;
</select>
</mapper>
