<?xml version="1.0" encoding="UTF-8"?>
<!DOCTYPE mapper PUBLIC "-//mybatis.org//DTD Mapper 3.0//EN" "http://mybatis.org/dtd/mybatis-3-mapper.dtd">
<mapper namespace="com.yougu.mall.mapper.OrderMapper">
  <resultMap id="BaseResultMap" type="com.yougu.mall.entity.Order">
    <!--@mbg.generated-->
    <id column="id" jdbcType="INTEGER" property="id" />
    <result column="order_no" jdbcType="BIGINT" property="orderNo" />
    <result column="user_id" jdbcType="INTEGER" property="userId" />
    <result column="shipping_id" jdbcType="INTEGER" property="shippingId" />
    <result column="payment" jdbcType="DECIMAL" property="payment" />
    <result column="payment_type" jdbcType="INTEGER" property="paymentType" />
    <result column="postage" jdbcType="DECIMAL" property="postage" />
    <result column="status" jdbcType="INTEGER" property="status" />
    <result column="payment_time" jdbcType="TIMESTAMP" property="paymentTime" />
    <result column="create_time" jdbcType="TIMESTAMP" property="createTime" />
    <result column="send_time" jdbcType="TIMESTAMP" property="sendTime" />
    <result column="receive_time" jdbcType="TIMESTAMP" property="receiveTime" />
    <result column="update_time" jdbcType="TIMESTAMP" property="updateTime" />
    <result column="close_time" jdbcType="TIMESTAMP" property="closeTime" />
    <result column="end_time" jdbcType="TIMESTAMP" property="endTime" />
  </resultMap>
  <sql id="Base_Column_List">
    <!--@mbg.generated-->
    id, order_no, user_id, shipping_id, payment, payment_type, postage, `status`, payment_time, 
    create_time, send_time, receive_time, update_time, close_time, end_time
  </sql>
  <select id="selectByPrimaryKey" parameterType="java.lang.Integer" resultMap="BaseResultMap">
    <!--@mbg.generated-->
    select 
    <include refid="Base_Column_List" />
    from order
    where id = #{id,jdbcType=INTEGER}
  </select>
  <delete id="deleteByPrimaryKey" parameterType="java.lang.Integer">
    <!--@mbg.generated-->
    delete from order
    where id = #{id,jdbcType=INTEGER}
  </delete>
  <insert id="insert" keyColumn="id" keyProperty="id" parameterType="com.yougu.mall.entity.Order" useGeneratedKeys="true">
    <!--@mbg.generated-->
    insert into order (order_no, user_id, shipping_id, 
      payment, payment_type, postage, 
      `status`, payment_time, create_time, 
      send_time, receive_time, update_time, 
      close_time, end_time)
    values (#{orderNo,jdbcType=BIGINT}, #{userId,jdbcType=INTEGER}, #{shippingId,jdbcType=INTEGER}, 
      #{payment,jdbcType=DECIMAL}, #{paymentType,jdbcType=INTEGER}, #{postage,jdbcType=DECIMAL}, 
      #{status,jdbcType=INTEGER}, #{paymentTime,jdbcType=TIMESTAMP}, #{createTime,jdbcType=TIMESTAMP}, 
      #{sendTime,jdbcType=TIMESTAMP}, #{receiveTime,jdbcType=TIMESTAMP}, #{updateTime,jdbcType=TIMESTAMP}, 
      #{closeTime,jdbcType=TIMESTAMP}, #{endTime,jdbcType=TIMESTAMP})
  </insert>
  <insert id="insertSelective" parameterType="com.yougu.mall.entity.Order" >
    <!--@mbg.generated-->
    insert into order
    <trim prefix="(" suffix=")" suffixOverrides=",">
      <if test="orderNo != null">
        order_no,
      </if>
      <if test="userId != null">
        user_id,
      </if>
      <if test="shippingId != null">
        shipping_id,
      </if>
      <if test="payment != null">
        payment,
      </if>
      <if test="paymentType != null">
        payment_type,
      </if>
      <if test="postage != null">
        postage,
      </if>
      <if test="status != null">
        `status`,
      </if>
      <if test="paymentTime != null">
        payment_time,
      </if>
      <if test="createTime != null">
        create_time,
      </if>
      <if test="sendTime != null">
        send_time,
      </if>
      <if test="receiveTime != null">
        receive_time,
      </if>
      <if test="updateTime != null">
        update_time,
      </if>
      <if test="closeTime != null">
        close_time,
      </if>
      <if test="endTime != null">
        end_time,
      </if>
    </trim>
    <trim prefix="values (" suffix=")" suffixOverrides=",">
      <if test="orderNo != null">
        #{orderNo,jdbcType=BIGINT},
      </if>
      <if test="userId != null">
        #{userId,jdbcType=INTEGER},
      </if>
      <if test="shippingId != null">
        #{shippingId,jdbcType=INTEGER},
      </if>
      <if test="payment != null">
        #{payment,jdbcType=DECIMAL},
      </if>
      <if test="paymentType != null">
        #{paymentType,jdbcType=INTEGER},
      </if>
      <if test="postage != null">
        #{postage,jdbcType=DECIMAL},
      </if>
      <if test="status != null">
        #{status,jdbcType=INTEGER},
      </if>
      <if test="paymentTime != null">
        #{paymentTime,jdbcType=TIMESTAMP},
      </if>
      <if test="createTime != null">
        #{createTime,jdbcType=TIMESTAMP},
      </if>
      <if test="sendTime != null">
        #{sendTime,jdbcType=TIMESTAMP},
      </if>
      <if test="receiveTime != null">
        #{receiveTime,jdbcType=TIMESTAMP},
      </if>
      <if test="updateTime != null">
        #{updateTime,jdbcType=TIMESTAMP},
      </if>
      <if test="closeTime != null">
        #{closeTime,jdbcType=TIMESTAMP},
      </if>
      <if test="endTime != null">
        #{endTime,jdbcType=TIMESTAMP},
      </if>
    </trim>
  </insert>
  <update id="updateByPrimaryKeySelective" parameterType="com.yougu.mall.entity.Order">
    <!--@mbg.generated-->
    update order
    <set>
      <if test="orderNo != null">
        order_no = #{orderNo,jdbcType=BIGINT},
      </if>
      <if test="userId != null">
        user_id = #{userId,jdbcType=INTEGER},
      </if>
      <if test="shippingId != null">
        shipping_id = #{shippingId,jdbcType=INTEGER},
      </if>
  <if test="payment != null">
    payment = #{payment,jdbcType=DECIMAL},
  </if>
  <if test="paymentType != null">
    payment_type = #{paymentType,jdbcType=INTEGER},
  </if>
  <if test="postage != null">
    postage = #{postage,jdbcType=DECIMAL},
  </if>
  <if test="status != null">
    `status` = #{status,jdbcType=INTEGER},
  </if>
  <if test="paymentTime != null">
    payment_time = #{paymentTime,jdbcType=TIMESTAMP},
  </if>
  <if test="createTime != null">
    create_time = #{createTime,jdbcType=TIMESTAMP},
  </if>
  <if test="sendTime != null">
    send_time = #{sendTime,jdbcType=TIMESTAMP},
  </if>
  <if test="receiveTime != null">
    receive_time = #{receiveTime,jdbcType=TIMESTAMP},
  </if>
  <if test="updateTime != null">
    update_time = #{updateTime,jdbcType=TIMESTAMP},
  </if>
  <if test="closeTime != null">
    close_time = #{closeTime,jdbcType=TIMESTAMP},
  </if>
  <if test="endTime != null">
    end_time = #{endTime,jdbcType=TIMESTAMP},
  </if>
</set>
        where id = #{id,jdbcType=INTEGER}
        </update>
<update id="updateByPrimaryKey" parameterType="com.yougu.mall.entity.Order">
<!--@mbg.generated-->
update order
set order_no = #{orderNo,jdbcType=BIGINT},
user_id = #{userId,jdbcType=INTEGER},
      shipping_id = #{shippingId,jdbcType=INTEGER},
      payment = #{payment,jdbcType=DECIMAL},
      payment_type = #{paymentType,jdbcType=INTEGER},
      postage = #{postage,jdbcType=DECIMAL},
      `status` = #{status,jdbcType=INTEGER},
      payment_time = #{paymentTime,jdbcType=TIMESTAMP},
      create_time = #{createTime,jdbcType=TIMESTAMP},
      send_time = #{sendTime,jdbcType=TIMESTAMP},
      receive_time = #{receiveTime,jdbcType=TIMESTAMP},
      update_time = #{updateTime,jdbcType=TIMESTAMP},
      close_time = #{closeTime,jdbcType=TIMESTAMP},
      end_time = #{endTime,jdbcType=TIMESTAMP}
    where id = #{id,jdbcType=INTEGER}
  </update>
</mapper>