<?xml version="1.0" encoding="UTF-8"?>
<!DOCTYPE mapper PUBLIC "-//mybatis.org//DTD Mapper 3.0//EN" "http://mybatis.org/dtd/mybatis-3-mapper.dtd">
<mapper namespace="com.yougu.mall.mapper.PayInfoMapper">
  <resultMap id="BaseResultMap" type="com.yougu.mall.entity.PayInfo">
    <!--@mbg.generated-->
    <id column="id" jdbcType="INTEGER" property="id" />
    <result column="user_id" jdbcType="INTEGER" property="userId" />
    <result column="order_id" jdbcType="INTEGER" property="orderId" />
    <result column="order_no" jdbcType="INTEGER" property="orderNo" />
    <result column="pay_no" jdbcType="INTEGER" property="payNo" />
    <result column="pay_platform" jdbcType="INTEGER" property="payPlatform" />
    <result column="pay_status" jdbcType="INTEGER" property="payStatus" />
    <result column="create_time" jdbcType="TIMESTAMP" property="createTime" />
    <result column="update_time" jdbcType="TIMESTAMP" property="updateTime" />
  </resultMap>
  <sql id="Base_Column_List">
    <!--@mbg.generated-->
    id, user_id, order_id, order_no, pay_no, pay_platform, pay_status, create_time, update_time
  </sql>
  <select id="selectByPrimaryKey" parameterType="java.lang.Integer" resultMap="BaseResultMap">
    <!--@mbg.generated-->
    select 
    <include refid="Base_Column_List" />
    from pay_info
    where id = #{id,jdbcType=INTEGER}
  </select>
  <delete id="deleteByPrimaryKey" parameterType="java.lang.Integer">
    <!--@mbg.generated-->
    delete from pay_info
    where id = #{id,jdbcType=INTEGER}
  </delete>
  <insert id="insert" keyColumn="id" keyProperty="id" parameterType="com.yougu.mall.entity.PayInfo" useGeneratedKeys="true">
    <!--@mbg.generated-->
    insert into pay_info (user_id, order_id, order_no, 
      pay_no, pay_platform, pay_status, 
      create_time, update_time)
    values (#{userId,jdbcType=INTEGER}, #{orderId,jdbcType=INTEGER}, #{orderNo,jdbcType=INTEGER}, 
      #{payNo,jdbcType=INTEGER}, #{payPlatform,jdbcType=INTEGER}, #{payStatus,jdbcType=INTEGER}, 
      #{createTime,jdbcType=TIMESTAMP}, #{updateTime,jdbcType=TIMESTAMP})
  </insert>
  <insert id="insertSelective" keyColumn="id" keyProperty="id" parameterType="com.yougu.mall.entity.PayInfo" useGeneratedKeys="true">
    <!--@mbg.generated-->
    insert into pay_info
    <trim prefix="(" suffix=")" suffixOverrides=",">
      <if test="userId != null">
        user_id,
      </if>
      <if test="orderId != null">
        order_id,
      </if>
      <if test="orderNo != null">
        order_no,
      </if>
      <if test="payNo != null">
        pay_no,
      </if>
      <if test="payPlatform != null">
        pay_platform,
      </if>
      <if test="payStatus != null">
        pay_status,
      </if>
      <if test="createTime != null">
        create_time,
      </if>
      <if test="updateTime != null">
        update_time,
      </if>
    </trim>
    <trim prefix="values (" suffix=")" suffixOverrides=",">
      <if test="userId != null">
        #{userId,jdbcType=INTEGER},
      </if>
      <if test="orderId != null">
        #{orderId,jdbcType=INTEGER},
      </if>
      <if test="orderNo != null">
        #{orderNo,jdbcType=INTEGER},
      </if>
      <if test="payNo != null">
        #{payNo,jdbcType=INTEGER},
      </if>
      <if test="payPlatform != null">
        #{payPlatform,jdbcType=INTEGER},
      </if>
      <if test="payStatus != null">
        #{payStatus,jdbcType=INTEGER},
      </if>
      <if test="createTime != null">
        #{createTime,jdbcType=TIMESTAMP},
      </if>
      <if test="updateTime != null">
        #{updateTime,jdbcType=TIMESTAMP},
      </if>
    </trim>
  </insert>
  <update id="updateByPrimaryKeySelective" parameterType="com.yougu.mall.entity.PayInfo">
    <!--@mbg.generated-->
    update pay_info
    <set>
      <if test="userId != null">
        user_id = #{userId,jdbcType=INTEGER},
      </if>
      <if test="orderId != null">
        order_id = #{orderId,jdbcType=INTEGER},
      </if>
      <if test="orderNo != null">
        order_no = #{orderNo,jdbcType=INTEGER},
      </if>
      <if test="payNo != null">
        pay_no = #{payNo,jdbcType=INTEGER},
      </if>
      <if test="payPlatform != null">
        pay_platform = #{payPlatform,jdbcType=INTEGER},
      </if>
      <if test="payStatus != null">
        pay_status = #{payStatus,jdbcType=INTEGER},
      </if>
      <if test="createTime != null">
        create_time = #{createTime,jdbcType=TIMESTAMP},
      </if>
      <if test="updateTime != null">
        update_time = #{updateTime,jdbcType=TIMESTAMP},
      </if>
    </set>
    where id = #{id,jdbcType=INTEGER}
  </update>
  <update id="updateByPrimaryKey" parameterType="com.yougu.mall.entity.PayInfo">
    <!--@mbg.generated-->
    update pay_info
    set user_id = #{userId,jdbcType=INTEGER},
      order_id = #{orderId,jdbcType=INTEGER},
      order_no = #{orderNo,jdbcType=INTEGER},
      pay_no = #{payNo,jdbcType=INTEGER},
      pay_platform = #{payPlatform,jdbcType=INTEGER},
      pay_status = #{payStatus,jdbcType=INTEGER},
      create_time = #{createTime,jdbcType=TIMESTAMP},
      update_time = #{updateTime,jdbcType=TIMESTAMP}
    where id = #{id,jdbcType=INTEGER}
  </update>
</mapper>