<?xml version="1.0" encoding="UTF-8"?>
<!DOCTYPE mapper PUBLIC "-//mybatis.org//DTD Mapper 3.0//EN" "http://mybatis.org/dtd/mybatis-3-mapper.dtd">
<mapper namespace="com.yougu.mall.mapper.PictureMapper">
  <resultMap id="BaseResultMap" type="com.yougu.mall.entity.Picture">
    <!--@mbg.generated-->
    <id column="id" jdbcType="INTEGER" property="id" />
    <result column="url" jdbcType="VARCHAR" property="url" />
    <result column="product_id" jdbcType="INTEGER" property="productId" />
    <result column="level" jdbcType="INTEGER" property="level" />
    <result column="color_id" jdbcType="INTEGER" property="colorId" />
  </resultMap>
  <sql id="Base_Column_List">
    <!--@mbg.generated-->
    id, url, product_id, `level`, color_id
  </sql>
  <select id="selectByPrimaryKey" parameterType="java.lang.Integer" resultMap="BaseResultMap">
    <!--@mbg.generated-->
    select 
    <include refid="Base_Column_List" />
    from picture
    where id = #{id,jdbcType=INTEGER}
  </select>
  <delete id="deleteByPrimaryKey" parameterType="java.lang.Integer">
    <!--@mbg.generated-->
    delete from picture
    where id = #{id,jdbcType=INTEGER}
  </delete>
  <insert id="insert" keyColumn="id" keyProperty="id" parameterType="com.yougu.mall.entity.Picture" useGeneratedKeys="true">
    <!--@mbg.generated-->
    insert into picture (url, product_id, `level`, 
      color_id)
    values (#{url,jdbcType=VARCHAR}, #{productId,jdbcType=INTEGER}, #{level,jdbcType=INTEGER}, 
      #{colorId,jdbcType=INTEGER})
  </insert>
  <insert id="insertSelective" keyColumn="id" keyProperty="id" parameterType="com.yougu.mall.entity.Picture" useGeneratedKeys="true">
    <!--@mbg.generated-->
    insert into picture
    <trim prefix="(" suffix=")" suffixOverrides=",">
      <if test="url != null">
        url,
      </if>
      <if test="productId != null">
        product_id,
      </if>
      <if test="level != null">
        `level`,
      </if>
      <if test="colorId != null">
        color_id,
      </if>
    </trim>
    <trim prefix="values (" suffix=")" suffixOverrides=",">
      <if test="url != null">
        #{url,jdbcType=VARCHAR},
      </if>
      <if test="productId != null">
        #{productId,jdbcType=INTEGER},
      </if>
      <if test="level != null">
        #{level,jdbcType=INTEGER},
      </if>
      <if test="colorId != null">
        #{colorId,jdbcType=INTEGER},
      </if>
    </trim>
  </insert>
  <update id="updateByPrimaryKeySelective" parameterType="com.yougu.mall.entity.Picture">
    <!--@mbg.generated-->
    update picture
    <set>
      <if test="url != null">
        url = #{url,jdbcType=VARCHAR},
      </if>
      <if test="productId != null">
        product_id = #{productId,jdbcType=INTEGER},
      </if>
      <if test="level != null">
        `level` = #{level,jdbcType=INTEGER},
      </if>
      <if test="colorId != null">
        color_id = #{colorId,jdbcType=INTEGER},
      </if>
    </set>
    where id = #{id,jdbcType=INTEGER}
  </update>
  <update id="updateByPrimaryKey" parameterType="com.yougu.mall.entity.Picture">
    <!--@mbg.generated-->
    update picture
    set url = #{url,jdbcType=VARCHAR},
      product_id = #{productId,jdbcType=INTEGER},
      `level` = #{level,jdbcType=INTEGER},
      color_id = #{colorId,jdbcType=INTEGER}
    where id = #{id,jdbcType=INTEGER}
  </update>
</mapper>