<?xml version="1.0" encoding="UTF-8"?>
<!DOCTYPE mapper PUBLIC "-//mybatis.org//DTD Mapper 3.0//EN" "http://mybatis.org/dtd/mybatis-3-mapper.dtd">
<mapper namespace="com.yougu.mall.mapper.ProductMapper">
  <resultMap id="BaseResultMap" type="com.yougu.mall.entity.Product">
    <!--@mbg.generated-->
    <id column="id" jdbcType="INTEGER" property="id" />
    <result column="picture_id" jdbcType="INTEGER" property="pictureId" />
    <result column="color_id" jdbcType="INTEGER" property="colorId" />
    <result column="category" jdbcType="INTEGER" property="category" />
    <result column="name" jdbcType="VARCHAR" property="name" />
    <result column="subtitle" jdbcType="VARCHAR" property="subtitle" />
    <result column="main_image" jdbcType="VARCHAR" property="mainImage" />
    <result column="datail" jdbcType="LONGVARCHAR" property="datail" />
    <result column="price" jdbcType="DECIMAL" property="price" />
    <result column="stock" jdbcType="BIGINT" property="stock" />
    <result column="status" jdbcType="INTEGER" property="status" />
    <result column="create_time" jdbcType="TIMESTAMP" property="createTime" />
    <result column="update_time" jdbcType="TIMESTAMP" property="updateTime" />
  </resultMap>
  <sql id="Base_Column_List">
    <!--@mbg.generated-->
    id, picture_id, color_id, category, `name`, subtitle, main_image, datail, price, 
    stock, `status`, create_time, update_time
  </sql>
  <select id="selectByPrimaryKey" parameterType="java.lang.Integer" resultMap="BaseResultMap">
    <!--@mbg.generated-->
    select 
    <include refid="Base_Column_List" />
    from product
    where id = #{id,jdbcType=INTEGER}
  </select>
  <delete id="deleteByPrimaryKey" parameterType="java.lang.Integer">
    <!--@mbg.generated-->
    delete from product
    where id = #{id,jdbcType=INTEGER}
  </delete>
  <insert id="insert" keyColumn="id" keyProperty="id" parameterType="com.yougu.mall.entity.Product" useGeneratedKeys="true">
    <!--@mbg.generated-->
    insert into product (picture_id, color_id, category, 
      `name`, subtitle, main_image, 
      datail, price, stock, 
      `status`, create_time, update_time
      )
    values (#{pictureId,jdbcType=INTEGER}, #{colorId,jdbcType=INTEGER}, #{category,jdbcType=INTEGER}, 
      #{name,jdbcType=VARCHAR}, #{subtitle,jdbcType=VARCHAR}, #{mainImage,jdbcType=VARCHAR}, 
      #{datail,jdbcType=LONGVARCHAR}, #{price,jdbcType=DECIMAL}, #{stock,jdbcType=BIGINT}, 
      #{status,jdbcType=INTEGER}, #{createTime,jdbcType=TIMESTAMP}, #{updateTime,jdbcType=TIMESTAMP}
      )
  </insert>
  <insert id="insertSelective" keyColumn="id" keyProperty="id" parameterType="com.yougu.mall.entity.Product" useGeneratedKeys="true">
    <!--@mbg.generated-->
    insert into product
    <trim prefix="(" suffix=")" suffixOverrides=",">
      <if test="pictureId != null">
        picture_id,
      </if>
      <if test="colorId != null">
        color_id,
      </if>
      <if test="category != null">
        category,
      </if>
      <if test="name != null">
        `name`,
      </if>
      <if test="subtitle != null">
        subtitle,
      </if>
      <if test="mainImage != null">
        main_image,
      </if>
      <if test="datail != null">
        datail,
      </if>
      <if test="price != null">
        price,
      </if>
      <if test="stock != null">
        stock,
      </if>
      <if test="status != null">
        `status`,
      </if>
      <if test="createTime != null">
        create_time,
      </if>
      <if test="updateTime != null">
        update_time,
      </if>
    </trim>
    <trim prefix="values (" suffix=")" suffixOverrides=",">
      <if test="pictureId != null">
        #{pictureId,jdbcType=INTEGER},
      </if>
      <if test="colorId != null">
        #{colorId,jdbcType=INTEGER},
      </if>
      <if test="category != null">
        #{category,jdbcType=INTEGER},
      </if>
      <if test="name != null">
        #{name,jdbcType=VARCHAR},
      </if>
      <if test="subtitle != null">
        #{subtitle,jdbcType=VARCHAR},
      </if>
      <if test="mainImage != null">
        #{mainImage,jdbcType=VARCHAR},
      </if>
      <if test="datail != null">
        #{datail,jdbcType=LONGVARCHAR},
      </if>
      <if test="price != null">
        #{price,jdbcType=DECIMAL},
      </if>
      <if test="stock != null">
        #{stock,jdbcType=BIGINT},
      </if>
      <if test="status != null">
        #{status,jdbcType=INTEGER},
      </if>
      <if test="createTime != null">
        #{createTime,jdbcType=TIMESTAMP},
      </if>
      <if test="updateTime != null">
        #{updateTime,jdbcType=TIMESTAMP},
      </if>
    </trim>
  </insert>
  <update id="updateByPrimaryKeySelective" parameterType="com.yougu.mall.entity.Product">
    <!--@mbg.generated-->
    update product
    <set>
      <if test="pictureId != null">
        picture_id = #{pictureId,jdbcType=INTEGER},
      </if>
      <if test="colorId != null">
        color_id = #{colorId,jdbcType=INTEGER},
      </if>
      <if test="category != null">
        category = #{category,jdbcType=INTEGER},
      </if>
      <if test="name != null">
        `name` = #{name,jdbcType=VARCHAR},
      </if>
      <if test="subtitle != null">
        subtitle = #{subtitle,jdbcType=VARCHAR},
      </if>
      <if test="mainImage != null">
        main_image = #{mainImage,jdbcType=VARCHAR},
      </if>
      <if test="datail != null">
        datail = #{datail,jdbcType=LONGVARCHAR},
      </if>
      <if test="price != null">
        price = #{price,jdbcType=DECIMAL},
      </if>
      <if test="stock != null">
        stock = #{stock,jdbcType=BIGINT},
      </if>
      <if test="status != null">
        `status` = #{status,jdbcType=INTEGER},
      </if>
      <if test="createTime != null">
        create_time = #{createTime,jdbcType=TIMESTAMP},
      </if>
      <if test="updateTime != null">
        update_time = #{updateTime,jdbcType=TIMESTAMP},
      </if>
    </set>
    where id = #{id,jdbcType=INTEGER}
  </update>
  <update id="updateByPrimaryKey" parameterType="com.yougu.mall.entity.Product">
    <!--@mbg.generated-->
    update product
    set picture_id = #{pictureId,jdbcType=INTEGER},
      color_id = #{colorId,jdbcType=INTEGER},
      category = #{category,jdbcType=INTEGER},
      `name` = #{name,jdbcType=VARCHAR},
      subtitle = #{subtitle,jdbcType=VARCHAR},
      main_image = #{mainImage,jdbcType=VARCHAR},
      datail = #{datail,jdbcType=LONGVARCHAR},
      price = #{price,jdbcType=DECIMAL},
      stock = #{stock,jdbcType=BIGINT},
      `status` = #{status,jdbcType=INTEGER},
      create_time = #{createTime,jdbcType=TIMESTAMP},
      update_time = #{updateTime,jdbcType=TIMESTAMP}
    where id = #{id,jdbcType=INTEGER}
  </update>
</mapper>