<?xml version="1.0" encoding="UTF-8"?>
<!DOCTYPE mapper PUBLIC "-//mybatis.org//DTD Mapper 3.0//EN" "http://mybatis.org/dtd/mybatis-3-mapper.dtd">
<mapper namespace="com.yougu.mall.mapper.ShippingMapper">
  <resultMap id="BaseResultMap" type="com.yougu.mall.entity.Shipping">
    <!--@mbg.generated-->
    <id column="id" jdbcType="INTEGER" property="id" />
    <result column="user_id" jdbcType="INTEGER" property="userId" />
    <result column="receiver_name" jdbcType="VARCHAR" property="receiverName" />
    <result column="receiver_phone" jdbcType="VARCHAR" property="receiverPhone" />
    <result column="receiver_province" jdbcType="VARCHAR" property="receiverProvince" />
    <result column="receiver_city" jdbcType="VARCHAR" property="receiverCity" />
    <result column="receiver_district" jdbcType="VARCHAR" property="receiverDistrict" />
    <result column="receiver_address" jdbcType="VARCHAR" property="receiverAddress" />
    <result column="receiver_zip" jdbcType="VARCHAR" property="receiverZip" />
    <result column="status" jdbcType="INTEGER" property="status" />
    <result column="create_time" jdbcType="TIMESTAMP" property="createTime" />
    <result column="update_time" jdbcType="TIMESTAMP" property="updateTime" />
    <result column="delete_time" jdbcType="TIMESTAMP" property="deleteTime" />
  </resultMap>
  <sql id="Base_Column_List">
    <!--@mbg.generated-->
    id, user_id, receiver_name, receiver_phone, receiver_province, receiver_city, receiver_district, 
    receiver_address, receiver_zip, `status`, create_time, update_time, delete_time
  </sql>
  <select id="selectByPrimaryKey" parameterType="java.lang.Integer" resultMap="BaseResultMap">
    <!--@mbg.generated-->
    select 
    <include refid="Base_Column_List" />
    from shipping
    where id = #{id,jdbcType=INTEGER}
  </select>
  <delete id="deleteByPrimaryKey" parameterType="java.lang.Integer">
    <!--@mbg.generated-->
    delete from shipping
    where id = #{id,jdbcType=INTEGER}
  </delete>
  <insert id="insert" keyColumn="id" keyProperty="id" parameterType="com.yougu.mall.entity.Shipping" useGeneratedKeys="true">
    <!--@mbg.generated-->
    insert into shipping (user_id, receiver_name, receiver_phone, 
      receiver_province, receiver_city, receiver_district, 
      receiver_address, receiver_zip, `status`, 
      create_time, update_time, delete_time
      )
    values (#{userId,jdbcType=INTEGER}, #{receiverName,jdbcType=VARCHAR}, #{receiverPhone,jdbcType=VARCHAR}, 
      #{receiverProvince,jdbcType=VARCHAR}, #{receiverCity,jdbcType=VARCHAR}, #{receiverDistrict,jdbcType=VARCHAR}, 
      #{receiverAddress,jdbcType=VARCHAR}, #{receiverZip,jdbcType=VARCHAR}, #{status,jdbcType=INTEGER}, 
      #{createTime,jdbcType=TIMESTAMP}, #{updateTime,jdbcType=TIMESTAMP}, #{deleteTime,jdbcType=TIMESTAMP}
      )
  </insert>
  <insert id="insertSelective" keyColumn="id" keyProperty="id" parameterType="com.yougu.mall.entity.Shipping" useGeneratedKeys="true">
    <!--@mbg.generated-->
    insert into shipping
    <trim prefix="(" suffix=")" suffixOverrides=",">
      <if test="userId != null">
        user_id,
      </if>
      <if test="receiverName != null">
        receiver_name,
      </if>
      <if test="receiverPhone != null">
        receiver_phone,
      </if>
      <if test="receiverProvince != null">
        receiver_province,
      </if>
      <if test="receiverCity != null">
        receiver_city,
      </if>
      <if test="receiverDistrict != null">
        receiver_district,
      </if>
      <if test="receiverAddress != null">
        receiver_address,
      </if>
      <if test="receiverZip != null">
        receiver_zip,
      </if>
      <if test="status != null">
        `status`,
      </if>
      <if test="createTime != null">
        create_time,
      </if>
      <if test="updateTime != null">
        update_time,
      </if>
      <if test="deleteTime != null">
        delete_time,
      </if>
    </trim>
    <trim prefix="values (" suffix=")" suffixOverrides=",">
      <if test="userId != null">
        #{userId,jdbcType=INTEGER},
      </if>
      <if test="receiverName != null">
        #{receiverName,jdbcType=VARCHAR},
      </if>
      <if test="receiverPhone != null">
        #{receiverPhone,jdbcType=VARCHAR},
      </if>
      <if test="receiverProvince != null">
        #{receiverProvince,jdbcType=VARCHAR},
      </if>
      <if test="receiverCity != null">
        #{receiverCity,jdbcType=VARCHAR},
      </if>
      <if test="receiverDistrict != null">
        #{receiverDistrict,jdbcType=VARCHAR},
      </if>
      <if test="receiverAddress != null">
        #{receiverAddress,jdbcType=VARCHAR},
      </if>
      <if test="receiverZip != null">
        #{receiverZip,jdbcType=VARCHAR},
      </if>
      <if test="status != null">
        #{status,jdbcType=INTEGER},
      </if>
      <if test="createTime != null">
        #{createTime,jdbcType=TIMESTAMP},
      </if>
      <if test="updateTime != null">
        #{updateTime,jdbcType=TIMESTAMP},
      </if>
      <if test="deleteTime != null">
        #{deleteTime,jdbcType=TIMESTAMP},
      </if>
    </trim>
  </insert>
  <update id="updateByPrimaryKeySelective" parameterType="com.yougu.mall.entity.Shipping">
    <!--@mbg.generated-->
    update shipping
    <set>
      <if test="userId != null">
        user_id = #{userId,jdbcType=INTEGER},
      </if>
      <if test="receiverName != null">
        receiver_name = #{receiverName,jdbcType=VARCHAR},
      </if>
      <if test="receiverPhone != null">
        receiver_phone = #{receiverPhone,jdbcType=VARCHAR},
      </if>
      <if test="receiverProvince != null">
        receiver_province = #{receiverProvince,jdbcType=VARCHAR},
      </if>
      <if test="receiverCity != null">
        receiver_city = #{receiverCity,jdbcType=VARCHAR},
      </if>
      <if test="receiverDistrict != null">
        receiver_district = #{receiverDistrict,jdbcType=VARCHAR},
      </if>
      <if test="receiverAddress != null">
        receiver_address = #{receiverAddress,jdbcType=VARCHAR},
      </if>
      <if test="receiverZip != null">
        receiver_zip = #{receiverZip,jdbcType=VARCHAR},
      </if>
      <if test="status != null">
        `status` = #{status,jdbcType=INTEGER},
      </if>
      <if test="createTime != null">
        create_time = #{createTime,jdbcType=TIMESTAMP},
      </if>
      <if test="updateTime != null">
        update_time = #{updateTime,jdbcType=TIMESTAMP},
      </if>
      <if test="deleteTime != null">
        delete_time = #{deleteTime,jdbcType=TIMESTAMP},
      </if>
    </set>
    where id = #{id,jdbcType=INTEGER}
  </update>
  <update id="updateByPrimaryKey" parameterType="com.yougu.mall.entity.Shipping">
    <!--@mbg.generated-->
    update shipping
    set user_id = #{userId,jdbcType=INTEGER},
      receiver_name = #{receiverName,jdbcType=VARCHAR},
      receiver_phone = #{receiverPhone,jdbcType=VARCHAR},
      receiver_province = #{receiverProvince,jdbcType=VARCHAR},
      receiver_city = #{receiverCity,jdbcType=VARCHAR},
      receiver_district = #{receiverDistrict,jdbcType=VARCHAR},
      receiver_address = #{receiverAddress,jdbcType=VARCHAR},
      receiver_zip = #{receiverZip,jdbcType=VARCHAR},
      `status` = #{status,jdbcType=INTEGER},
      create_time = #{createTime,jdbcType=TIMESTAMP},
      update_time = #{updateTime,jdbcType=TIMESTAMP},
      delete_time = #{deleteTime,jdbcType=TIMESTAMP}
    where id = #{id,jdbcType=INTEGER}
  </update>


  <select id="selectaddress" resultType="com.yougu.mall.entity.Shipping">
            select s.receiver_name, s.receiver_province, s.receiver_city, s.receiver_district,
            s.receiver_address, s.receiver_phone from shipping s
    </select>
  <delete id="deleteAddress" parameterType="int">
    delete from shipping WHERE ID=#{id}
  </delete>

  <select id="selectById" resultType="com.yougu.mall.entity.Shipping">
    select s.receiver_name, s.receiver_province, s.receiver_city, s.receiver_district,
    s.receiver_address, s.receiver_phone, s.receiver_zip from shipping s where id=#{id}
  </select>

  <update id="updateShip">
    update shipping set receiver_name=#{ship.receiverName},receiver_phone=#{ship.receiverPhone},receiver_province=#{ship.receiverProvince},
    receiver_city=#{ship.receiverCity},receiver_district=#{ship.receiverDistrict},receiver_address=#{ship.receiverAddress},
    receiver_zip=#{ship.receiverZip} where id=#{ship.id}
  </update>
</mapper>