<?xml version="1.0" encoding="UTF-8"?>
<!DOCTYPE mapper PUBLIC "-//mybatis.org//DTD Mapper 3.0//EN" "http://mybatis.org/dtd/mybatis-3-mapper.dtd">
<mapper namespace="com.yougu.mall.mapper.UserMapper">
  <resultMap id="BaseResultMap" type="com.yougu.mall.entity.User">
    <!--@mbg.generated-->
    <id column="id" jdbcType="INTEGER" property="id" />
    <result column="username" jdbcType="VARCHAR" property="username" />
    <result column="password" jdbcType="VARCHAR" property="password" />
    <result column="phone" jdbcType="VARCHAR" property="phone" />
    <result column="email" jdbcType="VARCHAR" property="email" />
    <result column="register_time" jdbcType="TIMESTAMP" property="registerTime" />
    <result column="update_time" jdbcType="TIMESTAMP" property="updateTime" />
    <result column="login_times" jdbcType="VARCHAR" property="loginTimes" />
    <result column="question" jdbcType="LONGVARCHAR" property="question" />
    <result column="answer" jdbcType="LONGVARCHAR" property="answer" />
    <result column="image" jdbcType="VARCHAR" property="image" />
  </resultMap>
  <sql id="Base_Column_List">
    <!--@mbg.generated-->
    id, username, `password`, phone, email, register_time, update_time, login_times, 
    question, answer, image
  </sql>
  <select id="selectByPrimaryKey" parameterType="java.lang.Integer" resultMap="BaseResultMap">
    <!--@mbg.generated-->
    select 
    <include refid="Base_Column_List" />
    from user
    where id = #{id,jdbcType=INTEGER}
  </select>
  <delete id="deleteByPrimaryKey" parameterType="java.lang.Integer">
    <!--@mbg.generated-->
    delete from user
    where id = #{id,jdbcType=INTEGER}
  </delete>
  <insert id="insert" keyColumn="id" keyProperty="id" parameterType="com.yougu.mall.entity.User" useGeneratedKeys="true">
    <!--@mbg.generated-->
    insert into user (username, `password`, phone,
      email, register_time, update_time,
      login_times, question, answer,
      image)
    values (#{username,jdbcType=VARCHAR}, #{password,jdbcType=VARCHAR}, #{phone,jdbcType=VARCHAR},
    #{email,jdbcType=VARCHAR}, #{registerTime,jdbcType=TIMESTAMP}, #{updateTime,jdbcType=TIMESTAMP},
    #{loginTimes,jdbcType=VARCHAR}, #{question,jdbcType=LONGVARCHAR}, #{answer,jdbcType=LONGVARCHAR},
    #{image,jdbcType=VARCHAR})
  </insert>
  <insert id="insertSelective" keyColumn="id" keyProperty="id"
          parameterType="com.yougu.mall.entity.User" useGeneratedKeys="true">
    <!--@mbg.generated-->
    insert into user
    <trim prefix="(" suffix=")" suffixOverrides=",">
      <if test="username != null">
        username,
      </if>
      <if test="password != null">
        `password`,
      </if>
      <if test="phone != null">
        phone,
      </if>
      <if test="email != null">
        email,
      </if>
      <if test="registerTime != null">
        register_time,
      </if>
      <if test="updateTime != null">
        update_time,
      </if>
      <if test="loginTimes != null">
        login_times,
      </if>
      <if test="question != null">
        question,
      </if>
      <if test="answer != null">
        answer,
      </if>
      <if test="image != null">
        image,
      </if>
    </trim>
    <trim prefix="values (" suffix=")" suffixOverrides=",">
      <if test="username != null">
        #{username,jdbcType=VARCHAR},
      </if>
      <if test="password != null">
        #{password,jdbcType=VARCHAR},
      </if>
      <if test="phone != null">
        #{phone,jdbcType=VARCHAR},
      </if>
      <if test="email != null">
        #{email,jdbcType=VARCHAR},
      </if>
      <if test="registerTime != null">
        #{registerTime,jdbcType=TIMESTAMP},
      </if>
      <if test="updateTime != null">
        #{updateTime,jdbcType=TIMESTAMP},
      </if>
      <if test="loginTimes != null">
        #{loginTimes,jdbcType=VARCHAR},
      </if>
      <if test="question != null">
        #{question,jdbcType=LONGVARCHAR},
      </if>
      <if test="answer != null">
        #{answer,jdbcType=LONGVARCHAR},
      </if>
      <if test="image != null">
        #{image,jdbcType=VARCHAR},
      </if>
    </trim>
  </insert>
  <update id="updateByPrimaryKeySelective" parameterType="com.yougu.mall.entity.User">
    <!--@mbg.generated-->
    update user
    <set>
      <if test="username != null">
        username = #{username,jdbcType=VARCHAR},
      </if>
      <if test="password != null">
        `password` = #{password,jdbcType=VARCHAR},
      </if>
      <if test="phone != null">
        phone = #{phone,jdbcType=VARCHAR},
      </if>
      <if test="email != null">
        email = #{email,jdbcType=VARCHAR},
      </if>
      <if test="registerTime != null">
        register_time = #{registerTime,jdbcType=TIMESTAMP},
      </if>
      <if test="updateTime != null">
        update_time = #{updateTime,jdbcType=TIMESTAMP},
      </if>
      <if test="loginTimes != null">
        login_times = #{loginTimes,jdbcType=VARCHAR},
      </if>
      <if test="question != null">
        question = #{question,jdbcType=LONGVARCHAR},
      </if>
      <if test="answer != null">
        answer = #{answer,jdbcType=LONGVARCHAR},
      </if>
      <if test="image != null">
        image = #{image,jdbcType=VARCHAR},
      </if>
    </set>
    where id = #{id,jdbcType=INTEGER}
  </update>
  <update id="updateByPrimaryKey" parameterType="com.yougu.mall.entity.User">
    <!--@mbg.generated-->
    update user
    set username = #{username,jdbcType=VARCHAR},
      `password` = #{password,jdbcType=VARCHAR},
      phone = #{phone,jdbcType=VARCHAR},
      email = #{email,jdbcType=VARCHAR},
      register_time = #{registerTime,jdbcType=TIMESTAMP},
      update_time = #{updateTime,jdbcType=TIMESTAMP},
      login_times = #{loginTimes,jdbcType=VARCHAR},
      question = #{question,jdbcType=LONGVARCHAR},
      answer = #{answer,jdbcType=LONGVARCHAR},
      image = #{image,jdbcType=VARCHAR}
    where id = #{id,jdbcType=INTEGER}
  </update>

<!--auto generated by MybatisCodeHelper on 2019-09-09-->
  <select id="select" resultMap="BaseResultMap">
    select
    <include refid="Base_Column_List"/>
    from user
    where ( username=#{loginName} or email=#{loginName} or phone=#{loginName} ) and password=#{password}
  </select>

<!--auto generated by MybatisCodeHelper on 2019-09-10-->
  <select id="countByEmail" resultType="java.lang.Integer">
    select count(1)
    from user
    where email=#{email,jdbcType=VARCHAR}
  </select>

<!--auto generated by MybatisCodeHelper on 2019-09-10-->
  <select id="countByUsername" resultType="java.lang.Integer">
    select count(1)
    from user
    where username=#{username,jdbcType=VARCHAR}
  </select>

<!--auto generated by MybatisCodeHelper on 2019-09-11-->
  <select id="selectAllByUsername" resultMap="BaseResultMap">
    select
    <include refid="Base_Column_List"/>
    from user
    where username=#{username,jdbcType=VARCHAR}
  </select>

<!--auto generated by MybatisCodeHelper on 2019-09-11-->
  <update id="updatePasswordByUsername">
    update user
    set `password`=#{updatedPassword,jdbcType=VARCHAR}
    where username=#{username,jdbcType=VARCHAR}
  </update>

<!--auto generated by MybatisCodeHelper on 2019-09-13-->
  <select id="countByPasswordAndUsername" resultType="java.lang.Integer">
        select count(1)
        from user
        where `password`=#{password,jdbcType=VARCHAR} and username=#{username,jdbcType=VARCHAR}
    </select>


</mapper>